[
  {
    "model": "products.category",
    "pk": 1,
    "fields": {
      "category_name": "Sportovní výživa",
      "category_description": "Komplexní nabídka doplňků stravy, které podpoří vaši fyzickou kondici, regeneraci a dlouhodobé zdraví. Bez ohledu na to, zda jste profesionální sportovec nebo nadšenec zdravého životního stylu, najdete zde široký výběr proteinů, vitamínů a speciálních doplňků, které pomůžou dosáhnout vašich cílů. Zahrnujeme produkty, které posílí vaši energii před tréninkem, podpoří regeneraci po fyzické zátěži a dodají tělu potřebné živiny pro každodenní pohodu.",
      "category_view": "https://i.ibb.co/bNsS3nb/SPORTOVNIVYZIVA.jpg",
      "category_parent": null
    }
  },
  {
    "model": "products.category",
    "pk": 2,
    "fields": {
      "category_name": "Proteiny",
      "category_description": "Kvalitní proteiny pro každého, kdo hledá efektivní růst svalů a regeneraci. Naše syrovátkové i rostlinné proteiny jsou navrženy tak, aby poskytly vašemu tělu nezbytné živiny po tréninku i během dne. Nabízíme širokou škálu chutí, typů a složení, od rychle vstřebatelných proteinů až po noční proteiny pro dlouhodobé uvolňování aminokyselin.",
      "category_view": "https://i.ibb.co/gPf9LJt/PROTEINY.jpg",
      "category_parent": 1
    }
  },
  {
    "model": "products.category",
    "pk": 3,
    "fields": {
      "category_name": "Vitamíny",
      "category_description": "Široký sortiment vitamínů a minerálů na podporu imunity, zdraví a vitality. Od multivitaminů až po speciální doplňky pro sportovce – pomůžeme vám udržet vaše tělo v dokonalé rovnováze. Naše produkty jsou formulovány tak, aby podporovaly regeneraci, bojovaly proti oxidačnímu stresu a posílily vaše každodenní zdraví.",
      "category_view": "https://i.ibb.co/0YPMpn4/VITAMINY.jpg",
      "category_parent": 1
    }
  },
  {
    "model": "products.category",
    "pk": 4,
    "fields": {
      "category_name": "Energetické tyčinky",
      "category_description": "Lahodné a praktické řešení pro okamžitý přísun energie. Naše tyčinky jsou ideální nejen jako svačina po tréninku, ale také jako rychlý zdroj živin během hektických dnů. Obsahují vyvážený poměr bílkovin, sacharidů a zdravých tuků, aby dodaly energii na dlouhou dobu, ať už jdete do posilovny nebo do kanceláře.",
      "category_view": "https://i.ibb.co/Lntyf5S/ENERGETICKETYCINKY.jpg",
      "category_parent": 1
    }
  },
  {
    "model": "products.category",
    "pk": 5,
    "fields": {
      "category_name": "Fitness vybavení",
      "category_description": "Praktické pomůcky a nástroje, které promění vaše cvičení v nezapomenutelný zážitek. Od podložek na cvičení po elastické gumy – vybavte se pro efektivní trénink, ať už doma nebo v posilovně. Naše produkty jsou osvědčenými výrobci navrženy a konstruovány tak, aby vám poskytly maximální pohodlí a funkcionalitu při každém pohybu.",
      "category_view": "https://i.ibb.co/SVj47Ts/FITNESSVYBAVENI.jpg",
      "category_parent": null
    }
  },
  {
    "model": "products.category",
    "pk": 6,
    "fields": {
      "category_name": "Činky",
      "category_description": "Různorodé sady činek pro začátečníky i profesionály. Vysoce kvalitní a odolné činky, které posunou vaše silové tréninky na novou úroveň. Naše nabídka zahrnuje nastavitelé sady, jednoruční i obouruční varianty a speciální ergonomické designy pro maximální pohodlí při cvičení.",
      "category_view": "https://i.ibb.co/7S5mXjD/CINKY.jpg",
      "category_parent": 5
    }
  },
  {
    "model": "products.category",
    "pk": 7,
    "fields": {
      "category_name": "Podložky na cvičení",
      "category_description": "Kvalitní a protiskluzové podložky, které zajistí pohodlí při každém cviku. Ideální pro jógu, pilates a další formy cvičení. Podložky jsou vyrobeny z ekologických a odolných materiálů, které dlouho vydrží a snadno se čistí.",
      "category_view": "https://i.ibb.co/H23V65Q/PODLOZKYNACVICENI.jpg",
      "category_parent": 5
    }
  },
  {
    "model": "products.category",
    "pk": 8,
    "fields": {
      "category_name": "Elastické gumy",
      "category_description": "Univerzální odporové gumy vhodné pro posilování, rehabilitaci i zlepšení mobility. Perfektní pomůcka pro cvičení kdekoliv. Nabízíme různé úrovně odporu, které se přizpůsobí jak začátečníkům, tak pokročilým cvičencům.",
      "category_view": "https://i.ibb.co/gDXNbf2/ELASTICKEGUMY.jpg",
      "category_parent": 5
    }
  },
  {
    "model": "products.category",
    "pk": 9,
    "fields": {
      "category_name": "Sportovní láhve",
      "category_description": "Funkční design a praktičnost v jednom. Naše láhve jsou vhodné pro sportovní aktivity i každodenní použití. Nabízíme modely s odolnými materiály, ergonomickými uzávěry a možností snadného čištění.",
      "category_view": "https://i.ibb.co/5rQyZ5G/SPORTOVNILAHVE.jpg",
      "category_parent": 5
    }
  },
  {
    "model": "products.category",
    "pk": 10,
    "fields": {
      "category_name": "Švihadla",
      "category_description": "Efektivní nástroj pro kardio trénink, zlepšení koordinace a spálení kalorií. Vhodné pro začátečníky i pokročilé sportovce. Švihadla s nastavitelnou délkou a ergonomickými rukojeťmi poskytují maximální komfort během tréninku.",
      "category_view": "https://i.ibb.co/zGg3X4X/SVIHADLA.jpg",
      "category_parent": 5
    }
  },
  {
    "model": "products.category",
    "pk": 11,
    "fields": {
      "category_name": "Sportovní oblečení",
      "category_description": "Stylové a funkční sportovní kousky, které spojují pohodlí s nejnovějšími trendy. Ideální pro trénink i volný čas. Naše kolekce zahrnuje technicky propracované materiály, které odvádějí vlhkost, zajišťují volnost pohybu a podporují vaše sportovní výkony.",
      "category_view": "https://i.ibb.co/s1v6s5b/SPORTOVNIOBLECENI.jpg",
      "category_parent": null
    }
  },
  {
    "model": "products.category",
    "pk": 12,
    "fields": {
      "category_name": "Trička",
      "category_description": "Prodyšné trička navržená pro maximální pohodlí během cvičení. Nabídka zahrnuje sportovní trička pro muže i ženy v moderních designech. Použité materiály zaručují dlouhodobou odolnost a snadnou údržbu.",
      "category_view": "https://i.ibb.co/yBsyfK3/TRICKA.jpg",
      "category_parent": 11
    }
  },
  {
    "model": "products.category",
    "pk": 13,
    "fields": {
      "category_name": "Legíny",
      "category_description": "Komfortní a funkční legíny, které podpoří vaši pohyblivost a zajistí stabilitu při sportu. Ideální volba pro jógu, běh a fitness. Naše legíny jsou vybaveny technologií odvádění vlhkosti a švy, které neomezují pohyb.",
      "category_view": "https://i.ibb.co/4mJ2qt9/LEGINY.jpg",
      "category_parent": 11
    }
  },
  {
    "model": "products.category",
    "pk": 14,
    "fields": {
      "category_name": "Kraťasy",
      "category_description": "Lehké a pohodlné kraťasy vhodné pro trénink i volnočasové aktivity. Dostupné ve špičkových materiálech, které odvádějí pot. Navržené s ohledem na ergonomii a volnost pohybu.",
      "category_view": "https://i.ibb.co/6sBnDxX/KRATASY.jpg",
      "category_parent": 11
    }
  },
  {
    "model": "products.category",
    "pk": 15,
    "fields": {
      "category_name": "Obuv",
      "category_description": "Sportovní obuv, která zajistí podporu a komfort během každé aktivity. Vyberte si z bot na fitness, běh nebo jiné sporty. Nabízíme modely s vysokou odolností, perfektním tlumením a optimálním odvodem vlhkosti.",
      "category_view": "https://i.ibb.co/LQyRhdK/OBUV.jpg",
      "category_parent": 11
    }
  },
  {
    "model": "products.category",
    "pk": 16,
    "fields": {
      "category_name": "Videokurzy",
      "category_description": "Objevte svět pohybu a duševní harmonie prostřednictvím našich videokurzů. Každý kurz obsahuje 10 pečlivě připravených lekcí, které vás provedou od základů až po pokročilé techniky. Každé 45minutové instruktážní video je vytvořeno tak, aby bylo srozumitelné pro začátečníky, ale zároveň poskytlo nové výzvy i pokročilým jedincům. Do 24 hodin od objednání služby obdržíte první video a poté vám budou lekce pravidelně zasílány přímo do vašeho e-mailu na týdenní bázi. Můžete si tak užít pohodlí cvičení kdykoliv a kdekoliv, podle vašeho rozvrhu a vašich možností. Navíc vám bude po celou dobu kurzu k dispozici váš osobní lektor, na kterého se můžete kdykoliv po dobu trvání kurzu obrátit s dotazy, žádostí o radu nebo individuální konzultací. S našimi videokurzy si osvojíte zdravý životní styl, zlepšíte svou kondici, posílíte tělo a uvolníte mysl. Nechte se vést profesionály z oboru a začněte svou cestu ke zdravějšímu a spokojenějšímu já ještě dnes!",
      "category_view": "https://i.ibb.co/jr36dyc/VIDEOKURZY.jpg",
      "category_parent": null
    }
  },
  {
    "model": "products.category",
    "pk": 17,
    "fields": {
      "category_name": "Fitness",
      "category_description": "Fitness je klíčem k aktivnímu a zdravému životnímu stylu. V naší kategorii fitness najdete dynamické a efektivní tréninky zaměřené na zlepšení síly, vytrvalosti a celkové fyzické kondice. Nabízíme lekce pro začátečníky i pokročilé, od kruhových tréninků po intervalové a specializované tréninky na posilování určitých svalových skupin. Naši trenéři vám poskytnou odborné vedení a motivaci k dosažení vašich cílů – ať už chcete spalovat kalorie, budovat svalovou hmotu nebo zlepšit celkovou vitalitu. Přidejte do svého života pohyb a energii díky našim fitness programům přizpůsobeným vašim potřebám.",
      "category_view": "https://i.ibb.co/fXdpF3F/FITNESS.jpg",
      "category_parent": 16
    }
  },
  {
    "model": "products.category",
    "pk": 18,
    "fields": {
      "category_name": "Jóga",
      "category_description": "Jóga je více než jen cvičení – je to cesta k dokonale vyvážené harmonii těla, mysli a duše. V naší kategorii jógy najdete širokou škálu kurzů, které vás provedou od základních pozic až po pokročilé techniky. Jóga pomáhá zlepšit flexibilitu, sílu, rovnováhu a především odbourává stres a podporuje vnitřní klid. Ať už hledáte relaxaci po náročném dni, nebo intenzivnější formy jógy, naše kurzy vám nabídnou vše, co potřebujete. Vyberte si lekce vedené zkušenými instruktory, kteří vás provedou každým krokem na cestě k zdravějšímu a šťastnějšímu životu.",
      "category_view": "https://i.ibb.co/QNLTy6H/JOGA.jpg",
      "category_parent": 16
    }
  },
  {
    "model": "products.category",
    "pk": 19,
    "fields": {
      "category_name": "Osobní tréninkové plány",
      "category_description": "Individuální tréninkové plány.",
      "category_parent": null
    }
  },
  {
    "model": "products.producer",
    "pk": 1,
    "fields": {
      "producer_name": "GymPro",
      "producer_description": "GymPro je synonymem pro špičkovou kvalitu a inovaci ve světě fitness vybavení. Filosofie značky stojí na třech pilířích: odolnost, ergonomie a výkon. Naše produkty nejsou jen nástroje, ale partneři na vaší fitness cestě. Ať už jste začátečník nebo profesionální sportovec, naše činky, nakládací závaží a posilovací pomůcky jsou navrženy tak, aby odolaly každé výzvě. GymPro věří, že každý detail záleží – od precizního zpracování až po moderní design, který motivuje. Připojte se k tisícům spokojených zákazníků, kteří si díky GymPro nastavili nové fitness cíle a dosáhli jich.",
      "producer_view": "https://i.ibb.co/YyG9yg0/GYMPRO.jpg"
    }
  },
  {
    "model": "products.producer",
    "pk": 2,
    "fields": {
      "producer_name": "NutriFit",
      "producer_description": "NutriFit je více než jen značka sportovní výživy – je to životní styl. Naše mise je jasná: pomáhat lidem zlepšit svůj výkon, regeneraci a celkové zdraví. Věříme, že síla přírody je klíčem k úspěchu, proto jsou všechny naše produkty vyvíjeny s maximálním ohledem na přirozené složení. Proteiny, aminokyseliny, multivitaminy a další doplňky jsou navrženy tak, aby podporovaly vaše tělo při těch nejnáročnějších výkonech. NutriFit je pro ty, kdo chtějí vyhrávat nejen na hřišti nebo v posilovně, ale i v každodenním životě. Zvolte NutriFit – volbu, která vás posune dál.",
      "producer_view": "https://i.ibb.co/DwyRvgX/NUTRIFIT.jpg"
    }
  },
  {
    "model": "products.producer",
    "pk": 3,
    "fields": {
      "producer_name": "ActiveWear",
      "producer_description": "ActiveWear je esencí stylu a funkčnosti pro aktivní životní styl. Naše značka je inspirována pohybem a svobodou, kterou přináší. Filosofie ActiveWear spočívá ve spojení technologie a estetiky. Každý kousek našeho oblečení je navržen tak, aby podporoval vaši výkonnost při sportu a zároveň se stal stylovým doplňkem vašeho každodenního života. Používáme ekologicky šetrné materiály a inovativní technologie, které vám zajistí pohodlí i během těch nejnáročnějších aktivit. S ActiveWear můžete být sami sebou – na tréninku, v parku i ve městě.",
      "producer_view": "https://i.ibb.co/4pyC66K/ACTIVEWEAR.jpg"
    }
  },
  {
    "model": "products.producer",
    "pk": 4,
    "fields": {
      "producer_name": "StrongTools",
      "producer_description": "StrongTools je značka pro opravdové dříče, kteří věří, že kvalitní vybavení tvoří základ úspěchu. Vyrábíme činky, závaží, posilovací lavice a další pomůcky, které si oblíbili profesionálové i nadšenci do fitness. Naše produkty jsou synonymem odolnosti a bezpečnosti, protože víme, že na vaší cestě k silnějšímu já není prostor pro kompromisy. Každý nástroj je navržen s ohledem na maximální efektivitu tréninku. S StrongTools se můžete spolehnout, že vaše vybavení vás nikdy nezradí, ať už cvičíte doma nebo v posilovně.",
      "producer_view": "https://i.ibb.co/HnZwMvq/STRONGTOOLS.jpg"
    }
  },
  {
    "model": "products.producer",
    "pk": 5,
    "fields": {
      "producer_name": "HealthyLife",
      "producer_description": "HealthyLife není jen značka – je to poslání měnit životy. Naše produkty jsou navrženy tak, aby podporovaly vaše zdraví přirozenou cestou. Zaměřujeme se na rostlinné proteiny, vysoce kvalitní multivitaminy, omega-3 doplňky a další produkty, které odpovídají potřebám moderního životního stylu. HealthyLife věří, že zdraví není jen o fyzické kondici, ale také o duševní pohodě a dlouhodobé vitalitě. Naše produkty neobsahují přidané cukry ani umělé přísady a jsou ideální pro každého, kdo chce zlepšit své zdraví bez kompromisů. S HealthyLife žijte plnější, aktivnější a šťastnější život.",
      "producer_view": "https://i.ibb.co/LNDGHNF/HEALTHYLIFE.jpg"
    }
  },
  {
    "model": "products.product",
    "pk": 1,
    "fields": {
      "product_type": "merchantdise",
      "product_name": "Syrovátkový protein 1 kg",
      "product_short_description": "Prémiový syrovátkový protein s 80% obsahem bílkovin pro efektivní regeneraci a růst svalové hmoty.",
      "product_long_description": "Syrovátkový protein 1 kg je prvotřídní výživový doplněk navržený pro sportovce a aktivní jedince, kteří chtějí podpořit růst svalové hmoty a urychlit regeneraci. Obsahuje 80% čistých bílkovin z vysoce kvalitního syrovátkového koncentrátu, který je snadno stravitelný a rychle vstřebatelný. Produkt je obohacen o esenciální aminokyseliny, včetně BCAA, které podporují regeneraci svalů a snižují jejich únavu po intenzivním tréninku. Syrovátkový protein je ideální pro přípravu lahodných proteinových koktejlů, lze ho přidat do smoothies nebo pečení. Neobsahuje přidané cukry, umělá barviva ani konzervanty. Doporučené použití: Smíchejte 30 g prášku s 250 ml vody nebo mléka a konzumujte po tréninku nebo jako zdravou svačinu během dne. Vhodné pro všechny, kdo chtějí dosáhnout svých fitness cílů.",
      "product_view": "https://i.ibb.co/5xxRv5M/SYROVATKOVYPROTEIN.jpg",
      "price": 799.00,
      "category": 2,
      "producer": 2,
      "stock_availability": 50
    }
  },
  {
    "model": "products.product",
    "pk": 2,
    "fields": {
      "product_type": "merchantdise",
      "product_name": "Hrachový protein 1 kg",
      "product_short_description": "Vysoce kvalitní veganský protein s bohatým obsahem esenciálních aminokyselin pro podporu regenerace a růstu svalů.",
      "product_long_description": "Hrachový protein 1 kg je ideální volbou pro všechny, kdo hledají kvalitní a čistý rostlinný zdroj bílkovin. Tento veganský protein obsahuje vysoké množství esenciálních aminokyselin, včetně BCAA (větvených aminokyselin), které podporují regeneraci svalů, růst svalové hmoty a celkovou výkonnost. Produkt je 100% přírodní, bez přidaných cukrů, umělých barviv a konzervantů. Díky své snadné rozpustnosti a jemné chuti je skvělý pro přípravu proteinových koktejlů, smoothies nebo jako přísada do pečení. Hrachový protein je hypoalergenní, neobsahuje lepek ani laktózu, což ho činí vhodným pro osoby s potravinovými intolerancemi. Doporučené dávkování: 30 g prášku smíchejte s 250 ml vody nebo rostlinného mléka. Ideální po tréninku nebo jako svačina během dne.",
      "product_view": "https://i.ibb.co/5kJKXyV/HRACHOVYPROTEIN.jpg",
      "price": 699.00,
      "category": 2,
      "producer": 5,
      "stock_availability": 40
    }
  },
  {
    "model": "products.product",
    "pk": 3,
    "fields": {
      "product_type": "merchantdise",
      "product_name": "Multivitaminový komplex",
      "product_short_description": "Vyvážený komplex vitamínů a minerálů pro podporu imunity a zdraví.",
      "product_long_description": "Multivitaminový komplex je ideální volbou pro každého, kdo chce podpořit své celkové zdraví a vitalitu. Obsahuje vyváženou směs klíčových vitamínů, jako jsou vitamíny A, C, D a E, které přispívají k ochraně buněk před oxidačním stresem, podporují imunitní systém a zdraví pokožky. Navíc obsahuje důležité minerály, jako je zinek a selen, které hrají klíčovou roli ve správné funkci imunitního systému a udržování zdravých vlasů, nehtů a pokožky. Každá tableta je formulována tak, aby pokryla denní potřebu základních živin a byla snadno stravitelná. Doporučené dávkování: 1 tableta denně, ideálně s jídlem. Tento produkt je vhodný pro dospělé všech věkových kategorií a je nepostradatelnou součástí zdravého životního stylu.",
      "product_view": "https://i.ibb.co/k2L7ppH/MULTIVITAMINOVYKOMPLEX.jpg",
      "price": 499.00,
      "category": 3,
      "producer": 5,
      "stock_availability": 100
    }
  },
  {
    "model": "products.product",
    "pk": 4,
    "fields": {
      "product_type": "merchantdise",
      "product_name": "Omega 3 kapsle",
      "product_short_description": "Kapsle s vysokým obsahem EPA a DHA pro podporu zdraví.",
      "product_long_description": "Omega 3 kapsle jsou ideálním doplňkem stravy pro podporu zdraví srdce, mozku a imunitního systému. Každá kapsle obsahuje vysoce kvalitní rybí olej s vysokým obsahem esenciálních mastných kyselin EPA (kyselina eikosapentaenová) a DHA (kyselina dokosahexaenová). Tyto látky přispívají ke správné funkci kardiovaskulárního systému, pomáhají snižovat zánětlivé procesy v těle a podporují kognitivní schopnosti. Produkt je balen v praktické formě snadno polykatelných kapslí, které neobsahují umělé konzervanty ani barviva. Doporučené dávkování: 1-2 kapsle denně s jídlem. Omega 3 kapsle jsou skvělou volbou pro každého, kdo chce podpořit své zdraví přírodní cestou.",
      "product_view": "https://i.ibb.co/yB65KT6/OMEGA3-KAPSLE.jpg",
      "price": 299.00,
      "category": 3,
      "producer": 2,
      "stock_availability": 80
    }
  },
  {
    "model": "products.product",
    "pk": 5,
    "fields": {
      "product_type": "merchantdise",
      "product_name": "Sada činek 2x5 kg",
      "product_short_description": "Vyvážená sada činek pro efektivní domácí trénink.",
      "product_long_description": "Tato sada činek o celkové hmotnosti 10 kg (2x5 kg) je perfektní volbou pro začátečníky i pokročilé sportovce. Činky mají ergonomicky tvarované úchopy s protiskluzovou texturou, což zajišťuje bezpečné a pohodlné držení během cvičení. Vyrobeny z kvalitního litinového materiálu, který je odolný vůči opotřebení a zaručuje dlouhou životnost. Díky univerzálnímu designu jsou činky vhodné pro různé typy cvičení, jako je posilování horních končetin, rehabilitace či zlepšení fyzické kondice. Kompaktní velikost činek umožňuje snadné skladování a manipulaci, což z nich činí ideální doplněk pro domácí posilovnu.",
      "product_view": "https://i.ibb.co/dcqSmtj/SADACINEK2-X5-KG.jpg",
      "price": 1499.00,
      "category": 6,
      "producer": 4,
      "stock_availability": 30
    }
  },
  {
    "model": "products.product",
    "pk": 6,
    "fields": {
      "product_type": "merchantdise",
      "product_name": "Nakládací činka 10 kg",
      "product_short_description": "Odolná a přizpůsobitelná činka pro různé typy tréninku.",
      "product_long_description": "Nakládací činka s hmotností 10 kg je ideální volbou pro domácí i profesionální trénink. Činka je vyrobena z odolného ocelového materiálu s antikorozní úpravou, což zajišťuje dlouhou životnost a bezpečnost při používání. Díky možnosti přidání či odebrání závaží si můžete snadno přizpůsobit hmotnost podle svých potřeb a fitness cílů. Ergonomický úchop je opatřen protiskluzovým povrchem pro pevné držení během cvičení. Tento produkt je vhodný pro různé typy posilování, včetně silového tréninku, rehabilitace nebo kondičních cvičení. Součástí balení je sada závaží a zajišťovacích matic, které zajišťují stabilitu při cvičení.",
      "product_view": "https://i.ibb.co/BNn464r/NAKLADACICINKA10-KG.jpg",
      "price": 1999.00,
      "category": 6,
      "producer": 4,
      "stock_availability": 20
    }
  },
  {
    "model": "products.product",
    "pk": 7,
    "fields": {
      "product_type": "merchantdise",
      "product_name": "Prodyšné tričko pánské",
      "product_short_description": "Pohodlné tričko navržené pro sportovní výkon i volný čas.",
      "product_long_description": "Prodyšné a lehké tričko pánské, ideální pro fitness, běh a další sportovní aktivity. Vyrobeno z 100% polyesteru, který je známý svou odolností a schopností efektivně odvádět pot, takže zůstáváte v suchu i během náročných tréninků. Ergonomický střih zajišťuje maximální pohodlí a volnost pohybu, zatímco materiál se snadno udržuje a rychle schne. Tričko je k dispozici v několika barevných variantách, aby splňovalo vaše stylové preference, a jeho univerzální design ho činí vhodným i pro každodenní nošení. Perfektní volba pro aktivní muže, kteří hledají kvalitní a funkční sportovní oblečení.",
      "product_view": "https://i.ibb.co/smzN69F/PRODYSNETRICKOPANSKE.jpg",
      "price": 399.00,
      "category": 12,
      "producer": 3,
      "stock_availability": 50
    }
  },
  {
    "model": "products.product",
    "pk": 8,
    "fields": {
      "product_type": "merchantdise",
      "product_name": "Prodyšné tričko dámské",
      "product_short_description": "Stylové dámské tričko pro maximální pohodlí při cvičení.",
      "product_long_description": "Elegantní a funkční dámské tričko, navržené pro aktivní životní styl. Vyrobeno z kvalitního prodyšného materiálu (85% nylon, 15% elastan), který zajišťuje optimální cirkulaci vzduchu a odvádí vlhkost, což vám umožní zůstat v suchu a pohodlí i během náročných tréninků. Tričko má ergonomický střih, který přirozeně kopíruje křivky těla, a poskytuje tak maximální volnost pohybu. Díky stylovému designu a jemnému elastanu je ideální nejen na fitness nebo jógu, ale také pro volnočasové nošení. K dispozici ve více velikostech, aby perfektně padlo každé postavě.",
      "product_view": "https://i.ibb.co/944Z6sX/PRODYSNETRICKODAMSKE.jpg",
      "price": 399.00,
      "category": 12,
      "producer": 3,
      "stock_availability": 60
    }
  },
  {
    "model": "products.product",
    "pk": 9,
    "fields": {
      "product_type": "service",
      "product_name": "Hatha jóga",
      "product_short_description": "Objevte klid a rovnováhu prostřednictvím tradiční Hatha jógy.",
      "product_long_description": "Hatha jóga je ideálním vstupem do světa jógy, zaměřená na nalezení harmonie mezi tělem a myslí. Tento kurz je navržen tak, aby vás prováděl klidným tempem, během kterého se naučíte správné držení těla, hluboké techniky dýchání a metody relaxace. Zkušený instruktor vás povede jednotlivými pozicemi (ásanami) s důrazem na techniku a bezpečnost, aby byl kurz vhodný jak pro začátečníky, tak i pro pokročilé jogíny. Hatha jóga vám pomůže zlepšit flexibilitu, posílit svaly a podpořit vnitřní klid. Kurz je perfektní volbou pro ty, kteří hledají účinný způsob, jak se zbavit stresu a dosáhnout fyzické i duševní pohody.",
      "product_view": "https://i.ibb.co/8YvgQMn/HATHAJOGA.jpg",
      "price": 499.00,
      "category": 18,
      "producer": null,
      "stock_availability": 0
    }
  },
  {
    "model": "products.product",
    "pk": 10,
    "fields": {
      "product_type": "service",
      "product_name": "HIIT trénink",
      "product_short_description": "Vysoce intenzivní trénink pro efektivní spalování tuků a zlepšení kondice.",
      "product_long_description": "HIIT (High-Intensity Interval Training) je vysoce intenzivní tréninkový program zaměřený na efektivní spalování kalorií a zlepšení fyzické kondice. Tento kurz vás provede sérií dynamických cvičení kombinujících krátké, intenzivní intervaly s odpočinkovými fázemi. Program je navržen tak, aby zvýšil váš metabolismus, podpořil zpevnění svalů a zvýšil celkovou vytrvalost. Lekce jsou vedeny zkušenými trenéry, kteří vás budou motivovat k dosažení vašich cílů. HIIT je ideální pro ty, kteří chtějí rychlé výsledky, zlepšit svou fyzičku a posunout své hranice. Vhodné pro všechny úrovně zkušeností.",
      "product_view": "https://i.ibb.co/6rxb0VW/HIITTRENINK.jpg",
      "price": 699.00,
      "category": 17,
      "producer": null,
      "stock_availability": 0
    }
  },
  {
    "model": "products.product",
    "pk": 11,
    "fields": {
      "product_type": "service",
      "product_name": "Vinyasa jóga",
      "product_short_description": "Dynamická jóga s plynulými přechody pro flexibilitu a posílení těla.",
      "product_long_description": "Vinyasa jóga je jedinečný a dynamický styl jógy, který propojuje jednotlivé pozice plynulými přechody synchronizovanými s vaším dechem. Tento kurz je navržen pro zlepšení flexibility, síly a celkové koordinace těla, a zároveň poskytuje uvolnění od stresu. Při lekcích se zaměříte na plynulý pohyb, který harmonizuje tělo i mysl. Kurz je vhodný pro všechny úrovně od začátečníků po pokročilé a přináší komplexní fyzický i mentální trénink. Vinyasa jóga vám pomůže objevit nové možnosti vašeho těla a navodí pozitivní energii a vnitřní klid.",
      "product_view": "https://i.ibb.co/1ZMXP1m/VINYASAJOGA.jpg",
      "price": 599.00,
      "category": 18,
      "producer": null,
      "stock_availability": 0
    }
  },
  {
    "model": "products.product",
    "pk": 12,
    "fields": {
      "product_type": "service",
      "product_name": "Restorativní jóga",
      "product_short_description": "Hluboce relaxační jóga pro obnovení energie a rovnováhy.",
      "product_long_description": "Restorativní jóga je klidná a regenerující praxe, navržená pro hlubokou relaxaci a obnovení vnitřní rovnováhy. Tento kurz je ideální pro ty, kteří chtějí zmírnit stres, uvolnit napětí a obnovit svou energii po náročném dni. Lekce zahrnují jemné pozice, které jsou podporovány polštářky, přikrývkami a dalšími pomůckami, což umožňuje hluboké uvolnění těla bez fyzického vypětí. Restorativní jóga je vhodná pro všechny úrovně, od začátečníků po pokročilé, a nabízí příležitost k propojení těla a mysli. Přihlaste se a dopřejte si chvíli klidu, kterou si zasloužíte – ideální pro navrácení harmonie do vašeho života.",
      "product_view": "https://i.ibb.co/yXrf0Jk/RESTORATIVNIJOGA.jpg",
      "price": 499.00,
      "category": 18,
      "producer": null,
      "stock_availability": 0
    }
  },
  {
    "model": "products.product",
    "pk": 13,
    "fields": {
      "product_type": "merchantdise",
      "product_name": "Komplexní multivitamin",
      "product_short_description": "Široké spektrum vitamínů a minerálů pro podporu imunity a celkového zdraví.",
      "product_long_description": "Komplexní multivitamin nabízí vyvážené složení 25 klíčových vitamínů a minerálů, které podporují vaše zdraví každý den. Obsahuje důležité složky, jako jsou vitamíny C, D, E, zinek a selen, které přispívají k normální funkci imunitního systému, zdraví kostí, pleti a metabolických procesů. Tento doplněk stravy je ideální pro ty, kteří hledají komplexní řešení pro každodenní péči o své tělo. Tablety jsou snadno polykatelné a vhodné pro všechny věkové skupiny. Multivitamin je bez obsahu lepku, laktózy a umělých konzervantů, což z něj činí skvělou volbu i pro osoby s citlivostí na určité složky. Přidejte tento multivitamin do své denní rutiny a podpořte své zdraví s lehkostí.",
      "product_view": "https://i.ibb.co/HhFRmwp/KOMPLEXNIMULTIVITAMIN.jpg",
      "price": 399.00,
      "category": 3,
      "producer": 2,
      "stock_availability": 100
    }
  },
  {
    "model": "products.product",
    "pk": 14,
    "fields": {
      "product_type": "merchantdise",
      "product_name": "Sportovní láhev 1 litr",
      "product_short_description": "Lehká, ekologická láhev bez BPA s objemem 1 litr, ideální na cvičení i každodenní použití.",
      "product_long_description": "Sportovní láhev s objemem 1 litr je navržena pro aktivní životní styl. Je vyrobena z vysoce kvalitního, ekologického materiálu bez BPA, což zaručuje bezpečnost a zdravotní nezávadnost. Díky lehké konstrukci a ergonomickému designu se pohodlně drží a snadno používá během tréninků, outdoorových aktivit i běžného dne. Láhev je vybavena nepropustným víčkem, které zabraňuje úniku tekutiny, a širokým hrdlem pro snadné čištění i plnění. Skvělá volba pro sportovce i každodenní uživatele, kteří hledají kombinaci funkčnosti, stylu a udržitelnosti.",
      "product_view": "https://i.ibb.co/tbGdc5m/SPOROVNILAHEV1-LITR.jpg",
      "price": 199.00,
      "category": 9,
      "producer": 3,
      "stock_availability": 0
    }
  },
  {
    "model": "products.product",
    "pk": 15,
    "fields": {
      "product_type": "merchantdise",
      "product_name": "Proteinová tyčinka s příchutí vanilky",
      "product_short_description": "Lahodná a výživná tyčinka s 20 g proteinu a nízkým obsahem cukru, ideální pro doplnění energie po tréninku.",
      "product_long_description": "Proteinová tyčinka s příchutí vanilky nabízí skvělou kombinaci chuti a výživy. Obsahuje 20 g kvalitního syrovátkového proteinu pro podporu regenerace svalů po cvičení. Nízký obsah cukru (méně než 2 g) ji činí vhodnou volbou i pro ty, kteří sledují svůj příjem kalorií. Tyčinka je obohacena o vlákninu, která přispívá ke zdravému trávení, a je bez umělých barviv a konzervantů. Praktické balení umožňuje snadné použití kdykoliv a kdekoliv, ať už potřebujete doplnit energii po tréninku, nebo hledáte zdravou svačinu během dne.",
      "product_view": "https://i.ibb.co/kmY1PyJ/PROTEINOVATYCINKASPRICHUTIVANILKY.jpg",
      "price": 49.00,
      "category": 4,
      "producer": 5,
      "stock_availability": 200
    }
  },
  {
    "model": "products.product",
    "pk": 16,
    "fields": {
      "product_type": "service",
      "product_name": "Intervalový trénink",
      "product_short_description": "Efektivní cvičení kombinující intenzivní intervaly a odpočinek pro zlepšení kondice.",
      "product_long_description": "Intervalový trénink je navržen tak, aby maximalizoval váš výkon a výsledky. Tento kurz kombinuje krátké, intenzivní intervaly fyzické aktivity, jako jsou sprinty nebo dynamické cviky, s fázemi aktivního odpočinku, což umožňuje optimální regeneraci mezi cvičeními. Kurz je vhodný pro všechny úrovně fitness - od začátečníků po pokročilé sportovce. Poskytuje přizpůsobitelný program zahrnující kardio, posilování a flexibilitu. Díky odbornému vedení a strukturovaným lekcím vám pomůže zlepšit výdrž, spálit kalorie efektivněji a vybudovat pevné tělo. Tento online kurz nabízí flexibilitu tréninku podle vašeho tempa, a zároveň je plný inspirace a motivace pro dosažení vašich cílů.",
      "product_view": "https://i.ibb.co/C1y7qF4/INTERVALOVYTRENINK.jpg",
      "price": 699.00,
      "category": 17,
      "producer": null,
      "stock_availability": 0
    }
  },
  {
    "model": "products.product",
    "pk": 17,
    "fields": {
      "product_type": "merchantdise",
      "product_name": "Ovocná tyčinka s jahodami",
      "product_short_description": "Lehká a svěží proteinová tyčinka s příchutí jahod, ideální pro zdravou svačinu.",
      "product_long_description": "Jahodová tyčinka je plná přírodní chuti a živin. Obsahuje 15 g bílkovin a je vyrobena z přírodních surovin, včetně skutečných jahod. Obohacena o vitamíny C a E, pomáhá posílit imunitní systém a dodává energii během náročného dne. Vhodná i pro vegetariány.",
      "product_view": "",
      "price": 48.00,
      "category": 4,
      "producer": 2,
      "stock_availability": 200
    }
  },
  {
    "model": "products.product",
    "pk": 18,
    "fields": {
      "product_type": "merchantdise",
      "product_name": "Arašídová proteinová tyčinka",
      "product_short_description": "Lahodná tyčinka s arašídy a proteinem, která je perfektní svačinou pro aktivní den.",
      "product_long_description": "Arašídová tyčinka kombinuje chuť pražených arašídů s vysokým obsahem bílkovin (18 g). Je bez lepku a bez umělých sladidel. Obsahuje také omega-3 mastné kyseliny, které přispívají ke zdraví srdce. Praktické balení ji činí ideální volbou pro cestování nebo trénink.",
      "product_view": "",
      "price": 54.00,
      "category": 4,
      "producer": 5,
      "stock_availability": 120
    }
  },
  {
    "model": "products.product",
    "pk": 19,
    "fields": {
      "product_type": "merchantdise",
      "product_name": "Tyčinka s příchutí cookies a krému",
      "product_short_description": "Proteinová tyčinka s příchutí cookies a krému, vhodná jako dezertní svačina.",
      "product_long_description": "Tato proteinová tyčinka obsahuje 20 g bílkovin a chuťově připomíná oblíbené cookies a krém. Je obohacena o vápník a hořčík, které podporují zdraví kostí. Bez lepku a s nízkým obsahem cukru, nabízí skvělou kombinaci chuti a výživy.",
      "product_view": "",
      "price": 55.00,
      "category": 4,
      "producer": 2,
      "stock_availability": 180
    }
  },
  {
    "model": "products.product",
    "pk": 20,
    "fields": {
      "product_type": "merchantdise",
      "product_name": "Kokosová proteinová tyčinka",
      "product_short_description": "Exotická kokosová tyčinka plná bílkovin a vlákniny pro zdravý životní styl.",
      "product_long_description": "Kokosová tyčinka je skvělou volbou pro milovníky exotických chutí. Obsahuje 19 g syrovátkového proteinu a vlákninu, která pomáhá udržovat zdravé trávení. Je bez konzervantů a přidaného cukru, což ji činí vhodnou pro všechny, kdo dbají na svůj jídelníček.",
      "product_view": "",
      "price": 53.00,
      "category": 4,
      "producer": 5,
      "stock_availability": 160
    }
  },
  {
    "model": "products.product",
    "pk": 21,
    "fields": {
      "product_type": "merchantdise",
      "product_name": "Proteinová tyčinka s příchutí lesního ovoce",
      "product_short_description": "Výživná tyčinka s lahodnou chutí lesního ovoce a obsahem 18 g bílkovin.",
      "product_long_description": "Lesní ovoce a kvalitní protein v jedné tyčince. Obsahuje 18 g bílkovin, vlákninu pro podporu trávení a antioxidanty z borůvek a malin. Ideální volba pro zdravou svačinu během dne.",
      "product_view": "",
      "price": 50.00,
      "category": 4,
      "producer": 2,
      "stock_availability": 150
    }
  },
  {
    "model": "products.product",
    "pk": 22,
    "fields": {
      "product_type": "merchantdise",
      "product_name": "Citronová tyčinka s proteinem",
      "product_short_description": "Osvěžující tyčinka s chutí citronu a obsahem 20 g proteinu.",
      "product_long_description": "Tato citronová proteinová tyčinka přináší svěží chuť a kvalitní výživu. Obsahuje 20 g bílkovin, vitamín C a přirozené aroma citronu. Je vhodná pro regeneraci po tréninku nebo jako rychlá svačina.",
      "product_view": "",
      "price": 51.00,
      "category": 4,
      "producer": 5,
      "stock_availability": 100
    }
  },
  {
    "model": "products.product",
    "pk": 23,
    "fields": {
      "product_type": "merchantdise",
      "product_name": "Čokoládová tyčinka s mandlemi",
      "product_short_description": "Lahodná kombinace čokolády a mandlí s 22 g proteinu.",
      "product_long_description": "Čokoládová tyčinka obohacená o mandle a 22 g kvalitního proteinu. Obsahuje také vitamín E a minerály pro podporu energie. Ideální volba pro aktivní životní styl.",
      "product_view": "",
      "price": 56.00,
      "category": 4,
      "producer": 2,
      "stock_availability": 170
    }
  },
  {
    "model": "products.product",
    "pk": 24,
    "fields": {
      "product_type": "merchantdise",
      "product_name": "Jablečná proteinová tyčinka se skořicí",
      "product_short_description": "Tyčinka s chutí jablek a skořice, obsahující 19 g bílkovin.",
      "product_long_description": "Přináší kombinaci sladké chuti jablek a kořeněné skořice. Obsahuje 19 g proteinu, vlákninu a je bez přidaného cukru. Skvělá svačina pro chladné dny.",
      "product_view": "",
      "price": 49.00,
      "category": 4,
      "producer": 5,
      "stock_availability": 140
    }
  },
  {
    "model": "products.product",
    "pk": 25,
    "fields": {
      "product_type": "merchantdise",
      "product_name": "Karamelová tyčinka s ořechy",
      "product_short_description": "Chutná karamelová tyčinka s ořechy a obsahem 21 g proteinu.",
      "product_long_description": "Spojuje sladký karamel a výživné ořechy s 21 g kvalitního proteinu. Obsahuje také zdravé tuky a minerály pro podporu regenerace. Skvělá pro sportovce i jako svačina během náročného dne.",
      "product_view": "",
      "price": 57.00,
      "category": 4,
      "producer": 2,
      "stock_availability": 160
    }
  },
  {
    "model": "products.product",
    "pk": 26,
    "fields": {
      "product_type": "merchantdise",
      "product_name": "Banánová tyčinka s čokoládovou polevou",
      "product_short_description": "Lahodná banánová tyčinka s jemnou čokoládovou polevou.",
      "product_long_description": "Banánová tyčinka s čokoládovou polevou obsahuje 20 g bílkovin a přírodní banánové aroma. Ideální pro milovníky sladkého, kteří chtějí zároveň dbát na zdravou výživu.",
      "product_view": "",
      "price": 53.00,
      "category": 4,
      "producer": 5,
      "stock_availability": 120
    }
  },
  {
    "model": "products.product",
    "pk": 27,
    "fields": {
      "product_type": "merchantdise",
      "product_name": "Skořicová tyčinka s dýňovými semínky",
      "product_short_description": "Speciální proteinová tyčinka s chutí skořice a dýňových semínek.",
      "product_long_description": "Unikátní kombinace skořice a dýňových semínek nabízí 18 g proteinu a bohatou chuť. Je vhodná pro všechny, kdo hledají zdravou alternativu k tradičním tyčinkám.",
      "product_view": "",
      "price": 54.00,
      "category": 4,
      "producer": 2,
      "stock_availability": 130
    }
  },
  {
    "model": "products.product",
    "pk": 28,
    "fields": {
      "product_type": "merchantdise",
      "product_name": "Třešňová proteinová tyčinka",
      "product_short_description": "Lehká a chutná tyčinka s příchutí třešní a 19 g bílkovin.",
      "product_long_description": "Třešňová tyčinka přináší přírodní ovocnou chuť a 19 g proteinu. Obsahuje vitamíny A a C a je vhodná jako zdravá svačina pro děti i dospělé.",
      "product_view": "",
      "price": 52.00,
      "category": 4,
      "producer": 5,
      "stock_availability": 110
    }
  },
  {
    "model": "products.product",
    "pk": 29,
    "fields": {
      "product_type": "merchantdise",
      "product_name": "Tyčinka s příchutí lískového oříšku",
      "product_short_description": "Tyčinka s bohatou chutí lískových oříšků a 20 g proteinu.",
      "product_long_description": "Kombinace lískových oříšků a proteinu dává tyčince plnou chuť a výživovou hodnotu. Obsahuje také antioxidanty a zdravé tuky, které podporují energii během dne.",
      "product_view": "",
      "price": 55.00,
      "category": 4,
      "producer": 2,
      "stock_availability": 140
    }
  },
  {
    "model": "products.product",
    "pk": 30,
    "fields": {
      "product_type": "merchantdise",
      "product_name": "Proteinová tyčinka s příchutí maliny",
      "product_short_description": "Sladká malinová tyčinka s 18 g bílkovin a nízkým obsahem cukru.",
      "product_long_description": "Malinová tyčinka kombinuje přírodní chuť ovoce a vysoký obsah proteinu. Obsahuje 18 g bílkovin, vitamín C a vlákninu pro zdravé trávení. Ideální pro svačinu během dne.",
      "product_view": "",
      "price": 49.00,
      "category": 4,
      "producer": 5,
      "stock_availability": 180
    }
  },
  {
    "model": "products.product",
    "pk": 31,
    "fields": {
      "product_type": "merchantdise",
      "product_name": "Čokoládová proteinová tyčinka",
      "product_short_description": "Vynikající čokoládová tyčinka s vysokým obsahem bílkovin, ideální pro doplnění energie a regeneraci svalů.",
      "product_long_description": "Tato čokoládová proteinová tyčinka obsahuje 22 g vysoce kvalitního proteinu, který podpoří regeneraci svalů po cvičení. Je obohacena o vitamíny a minerály, které pomáhají udržovat tělo v rovnováze. Tyčinka má intenzivní čokoládovou chuť a je bez přidaného cukru, což z ní činí ideální volbu pro sportovce i zdravě žijící jedince.",
      "product_view": "",
      "price": 52.00,
      "category": 4,
      "producer": 5,
      "stock_availability": 150
    }
  },
  {
    "model": "products.product",
    "pk": 36,
    "fields": {
      "product_type": "merchantdise",
      "product_name": "Proteinová tyčinka s pistáciemi",
      "product_short_description": "Krémová pistáciová tyčinka s obsahem 21 g proteinu a přírodními ingrediencemi.",
      "product_long_description": "Tato tyčinka s pistáciemi kombinuje ořechovou chuť s kvalitním syrovátkovým proteinem. Obsahuje 21 g bílkovin, zdravé tuky a vlákninu, která podporuje trávení. Bez lepku a bez přidaného cukru, ideální jako svačina nebo doplnění energie během dne.",
      "product_view": "",
      "price": 56.00,
      "category": 4,
      "producer": 2,
      "stock_availability": 140
    }
  },
  {
    "model": "products.product",
    "pk": 37,
    "fields": {
      "product_type": "merchantdise",
      "product_name": "Proteinová tyčinka s příchutí mango a kokos",
      "product_short_description": "Exotická kombinace manga a kokosu s 19 g proteinu pro svěží start dne.",
      "product_long_description": "Tato tyčinka spojuje sladkou chuť manga a jemný nádech kokosu. Obsahuje 19 g bílkovin a přírodní antioxidanty. Ideální jako zdravá svačina nebo osvěžující doplnění energie po tréninku. Neobsahuje umělá barviva ani konzervanty.",
      "product_view": "",
      "price": 54.00,
      "category": 4,
      "producer": 5,
      "stock_availability": 120
    }
  },
  {
    "model": "products.product",
    "pk": 38,
    "fields": {
      "product_type": "merchantdise",
      "product_name": "Proteinová tyčinka s příchutí skořice a javorového sirupu",
      "product_short_description": "Tyčinka s příchutí skořice a javorového sirupu s 20 g proteinu pro sladké chvíle.",
      "product_long_description": "Lahodná kombinace skořice a javorového sirupu nabízí nejen výjimečnou chuť, ale také 20 g kvalitního proteinu. Tyčinka je bohatá na vlákninu a obsahuje přírodní složky bez přidaných cukrů. Ideální volba pro podzimní dny.",
      "product_view": "",
      "price": 58.00,
      "category": 4,
      "producer": 2,
      "stock_availability": 110
    }
  },
  {
    "model": "products.product",
    "pk": 39,
    "fields": {
      "product_type": "merchantdise",
      "product_name": "Proteinová tyčinka s příchutí arašídového másla a čokolády",
      "product_short_description": "Lahodná kombinace arašídového másla a čokolády s obsahem 22 g proteinu.",
      "product_long_description": "Spojení jemného arašídového másla a hořké čokolády vytváří neodolatelnou chuť. Tyčinka obsahuje 22 g proteinu, zdravé tuky a antioxidanty. Perfektní jako svačina nebo dezert po tréninku.",
      "product_view": "",
      "price": 60.00,
      "category": 4,
      "producer": 5,
      "stock_availability": 130
    }
  },
  {
    "model": "products.product",
    "pk": 40,
    "fields": {
      "product_type": "merchantdise",
      "product_name": "Jahodová tyčinka s kousky bílého jogurtu",
      "product_short_description": "Sladká jahodová tyčinka s jemnými kousky bílého jogurtu a 18 g proteinu.",
      "product_long_description": "Tyčinka kombinuje svěží chuť jahod s jemnými kousky bílého jogurtu. Obsahuje 18 g bílkovin a vápník pro podporu zdravých kostí. Je bez lepku a ideální pro všechny, kdo hledají zdravou svačinu s přírodním složením.",
      "product_view": "",
      "price": 55.00,
      "category": 4,
      "producer": 2,
      "stock_availability": 150
    }
  }
]